Top pages,Clicks,Impressions,CTR,Position
https://www.padelcourtsfinder.com/new-york,77,2663,2.89%,8.02
https://www.padelcourtsfinder.com/,34,1452,2.34%,16.23
https://www.padelcourtsfinder.com/blog/best-teardrop-padel-rackets,21,409,5.13%,8.4
https://www.padelcourtsfinder.com/blog/best-padel-shoes,19,1444,1.32%,9.58
https://www.padelcourtsfinder.com/courts/cascadia-padel,15,97,15.46%,4.06
https://www.padelcourtsfinder.com/blog/best-padel-bags,14,287,4.88%,8.14
https://www.padelcourtsfinder.com/blog/best-padel-rackets-control,13,457,2.84%,10.01
https://www.padelcourtsfinder.com/florida/fort-lauderdale,13,278,4.68%,6.13
https://www.padelcourtsfinder.com/california/los-angeles,12,1018,1.18%,11.64
https://www.padelcourtsfinder.com/blog/best-padel-rackets-beginners,12,682,1.76%,13.77
https://www.padelcourtsfinder.com/blog/nox-at10-genius-18k-review,12,646,1.86%,9.49
https://www.padelcourtsfinder.com/blog/best-round-padel-rackets,11,248,4.44%,8.98
https://www.padelcourtsfinder.com/blog/wilson-bela-v3-review,10,161,6.21%,7.99
https://www.padelcourtsfinder.com/courts/ultra-padel-club,9,1178,0.76%,7.94
https://www.padelcourtsfinder.com/courts/lobbs-padel,9,446,2.02%,8.12
https://www.padelcourtsfinder.com/blog/head-extreme-pro-review,9,284,3.17%,8.29
https://www.padelcourtsfinder.com/blog/best-padel-rackets-intermediate,8,631,1.27%,13.31
https://www.padelcourtsfinder.com/courts/padel-x-boca-raton,8,424,1.89%,7.32
https://www.padelcourtsfinder.com/north-carolina,8,187,4.28%,7.35
https://www.padelcourtsfinder.com/connecticut,8,163,4.91%,6.85
https://www.padelcourtsfinder.com/padel-near/durham,8,53,15.09%,7.15
https://www.padelcourtsfinder.com/florida/orlando,7,391,1.79%,8.3
https://www.padelcourtsfinder.com/california,7,359,1.95%,8.28
https://www.padelcourtsfinder.com/blog/best-padel-clubs-houston,7,316,2.22%,8.57
https://www.padelcourtsfinder.com/blog/best-padel-rackets-2026,7,287,2.44%,13.24
https://www.padelcourtsfinder.com/get-started/glossary,6,499,1.2%,10.6
https://www.padelcourtsfinder.com/blog/best-padel-clubs-philadelphia,6,388,1.55%,8.96
https://www.padelcourtsfinder.com/blog/best-padel-clubs-dallas,6,361,1.66%,8.7
https://www.padelcourtsfinder.com/blog/best-padel-clubs-new-jersey,6,338,1.78%,8.28
https://www.padelcourtsfinder.com/florida/miami,6,318,1.89%,10.67
https://www.padelcourtsfinder.com/blog/best-padel-clubs-charlotte,6,238,2.52%,7.87
https://www.padelcourtsfinder.com/georgia/atlanta,6,226,2.65%,5.83
https://www.padelcourtsfinder.com/new-york/brooklyn,6,203,2.96%,5.68
https://www.padelcourtsfinder.com/blog/padel-positioning-guide,6,154,3.9%,8.23
https://www.padelcourtsfinder.com/blog/best-padel-clubs-ohio,6,131,4.58%,5.37
https://www.padelcourtsfinder.com/pennsylvania,6,131,4.58%,7.37
https://www.padelcourtsfinder.com/courts/eko-padel-and-pickle,5,583,0.86%,8.04
https://www.padelcourtsfinder.com/texas/houston,5,466,1.07%,8.17
https://www.padelcourtsfinder.com/blog/best-padel-clubs-phoenix,5,439,1.14%,6.77
https://www.padelcourtsfinder.com/blog/nox-ml10-pro-cup-review,5,230,2.17%,8.01
https://www.padelcourtsfinder.com/courts/reserve-padel-upper-east-side,4,348,1.15%,8.48
https://www.padelcourtsfinder.com/blog/best-padel-clubs-austin,4,302,1.32%,8.38
https://www.padelcourtsfinder.com/virginia,4,288,1.39%,7.8
https://www.padelcourtsfinder.com/blog/best-padel-clubs-atlanta,4,267,1.5%,7.64
https://www.padelcourtsfinder.com/blog/best-padel-balls,4,231,1.73%,26.23
https://www.padelcourtsfinder.com/maryland,4,215,1.86%,7.53
https://www.padelcourtsfinder.com/florida/tampa,4,160,2.5%,8.36
https://www.padelcourtsfinder.com/blog/padel-gifts,4,102,3.92%,10.57
https://www.padelcourtsfinder.com/courts/columbia-racquet-club,4,53,7.55%,6.26
https://www.padelcourtsfinder.com/padel-near/st-louis,4,46,8.7%,7.74
https://www.padelcourtsfinder.com/new-york/new-rochelle,4,20,20%,4.95
https://www.padelcourtsfinder.com/courts/utah-city-racquet-club,4,16,25%,5.62
https://www.padelcourtsfinder.com/blog/best-padel-clubs-san-francisco,3,659,0.46%,8.31
https://www.padelcourtsfinder.com/courts/itp-training-academy,3,590,0.51%,6.93
https://www.padelcourtsfinder.com/blog/best-padel-clubs-chicago,3,578,0.52%,8.17
https://www.padelcourtsfinder.com/courts/padel-956,3,419,0.72%,6.51
https://www.padelcourtsfinder.com/courts/st-pete-athletic,3,371,0.81%,8.26
https://www.padelcourtsfinder.com/state-of-us-padel-2026,3,360,0.83%,7.22
https://www.padelcourtsfinder.com/new-jersey,3,263,1.14%,8.58
https://www.padelcourtsfinder.com/courts/the-field-club-of-greenwich,3,222,1.35%,7.33
https://www.padelcourtsfinder.com/courts/padel-ranch,3,204,1.47%,10.45
https://www.padelcourtsfinder.com/blog/babolat-contact-review,3,171,1.75%,8.7
https://www.padelcourtsfinder.com/illinois/chicago,3,157,1.91%,7.62
https://www.padelcourtsfinder.com/arizona,3,125,2.4%,7.5
https://www.padelcourtsfinder.com/south-carolina,3,101,2.97%,10.12
https://www.padelcourtsfinder.com/padel-near/corpus-christi,3,19,15.79%,2.89
https://www.padelcourtsfinder.com/padel-near/arlington,3,5,60%,3.4
https://www.padelcourtsfinder.com/blog/padel-court-cost,2,1056,0.19%,12.91
https://www.padelcourtsfinder.com/rules,2,780,0.26%,16.06
https://www.padelcourtsfinder.com/search,2,613,0.33%,40.04
https://www.padelcourtsfinder.com/blog/best-padel-clubs-miami,2,560,0.36%,9.4
https://www.padelcourtsfinder.com/courts/mink-padel,2,454,0.44%,8.45
https://www.padelcourtsfinder.com/courts/padel-up-culver-city,2,432,0.46%,10.63
https://www.padelcourtsfinder.com/courts/wynwood-padel-club,2,370,0.54%,8.82
https://www.padelcourtsfinder.com/courts/elite-sports-club-at-111-west-57th-street,2,330,0.61%,5.6
https://www.padelcourtsfinder.com/courts/padel-greenpoint,2,249,0.8%,8.79
https://www.padelcourtsfinder.com/blog/best-padel-clubs-san-diego,2,230,0.87%,8.8
https://www.padelcourtsfinder.com/texas/austin,2,222,0.9%,9.48
https://www.padelcourtsfinder.com/courts/padel-life-soccer,2,191,1.05%,5.79
https://www.padelcourtsfinder.com/florida,2,168,1.19%,9.67
https://www.padelcourtsfinder.com/blog/best-padel-clubs-los-angeles,2,152,1.32%,11.51
https://www.padelcourtsfinder.com/courts/charlotte-padel-club-south-charlotte,2,145,1.38%,8.23
https://www.padelcourtsfinder.com/ohio,2,126,1.59%,6.75
https://www.padelcourtsfinder.com/courts/regency-padel-miami,2,105,1.9%,6.5
https://www.padelcourtsfinder.com/courts/park-padel-west-sacramento,2,100,2%,10.89
https://www.padelcourtsfinder.com/georgia,2,98,2.04%,7.09
https://www.padelcourtsfinder.com/blog/best-diamond-padel-rackets,2,77,2.6%,11.21
https://www.padelcourtsfinder.com/blog/padel-gifts-mothers-day-2026,2,63,3.17%,9.03
https://www.padelcourtsfinder.com/padel-near/madison,2,43,4.65%,6.49
https://www.padelcourtsfinder.com/maine,2,41,4.88%,7.8
https://www.padelcourtsfinder.com/kansas,2,25,8%,10
https://www.padelcourtsfinder.com/get-started,2,22,9.09%,9.09
https://www.padelcourtsfinder.com/blog/padel-gifts-fathers-day-2026,2,9,22.22%,9.11
https://www.padelcourtsfinder.com/courts/palm-beach-padel,2,5,40%,10
https://www.padelcourtsfinder.com/courts/padel-39,1,739,0.14%,9.87
https://www.padelcourtsfinder.com/courts/rgv-padel-club,1,426,0.23%,8.52
https://www.padelcourtsfinder.com/courts/oh-padel,1,325,0.31%,7.82
https://www.padelcourtsfinder.com/courts/padel-up-century-city,1,287,0.35%,14.82
https://www.padelcourtsfinder.com/padel-near/seattle,1,257,0.39%,9.19
https://padelcourtsfinder.com/courts/padel-social-bethesda,1,233,0.43%,7.52
https://www.padelcourtsfinder.com/courts/park-padel-embarcadero,1,229,0.44%,8.36
https://www.padelcourtsfinder.com/courts/the-set-padel-haus,1,226,0.44%,6.51
https://www.padelcourtsfinder.com/courts/sh19,1,218,0.46%,8.82
https://www.padelcourtsfinder.com/courts/new-canaan-field-club,1,215,0.47%,7.03
https://www.padelcourtsfinder.com/courts/merion-cricket-club,1,207,0.48%,8.53
https://www.padelcourtsfinder.com/courts/playpadel-coral-gables,1,203,0.49%,8.29
https://www.padelcourtsfinder.com/courts/the-padel-courts,1,187,0.53%,46.39
https://www.padelcourtsfinder.com/florida/doral,1,185,0.54%,9.19
https://www.padelcourtsfinder.com/blog/wilson-blade-elite-v2-review,1,166,0.6%,7.2
https://www.padelcourtsfinder.com/courts/imgn-park,1,148,0.68%,4.76
https://www.padelcourtsfinder.com/courts/dallas-padel-club,1,147,0.68%,8.14
https://www.padelcourtsfinder.com/courts/champions-padel-club,1,147,0.68%,8.87
https://www.padelcourtsfinder.com/blog/best-padel-clubs-nyc,1,114,0.88%,8.79
https://www.padelcourtsfinder.com/courts/padel-x-summer-club-lincoln-road,1,101,0.99%,10.58
https://www.padelcourtsfinder.com/utah,1,97,1.03%,8.57
https://www.padelcourtsfinder.com/illinois,1,92,1.09%,9.29
https://www.padelcourtsfinder.com/indoor-padel-courts,1,89,1.12%,12.06
https://www.padelcourtsfinder.com/blog/best-padel-rackets-power,1,75,1.33%,13.44
https://www.padelcourtsfinder.com/minnesota,1,72,1.39%,9.61
https://www.padelcourtsfinder.com/padel-near/indianapolis,1,67,1.49%,9.85
https://www.padelcourtsfinder.com/courts/ecos-sports-park,1,63,1.59%,8.97
https://www.padelcourtsfinder.com/courts/naoa,1,62,1.61%,11.66
https://www.padelcourtsfinder.com/wisconsin,1,59,1.69%,10.34
https://www.padelcourtsfinder.com/new-york/roslyn,1,50,2%,6.46
https://www.padelcourtsfinder.com/puerto-rico,1,49,2.04%,8.24
https://www.padelcourtsfinder.com/blog/best-padel-clubs-boca-raton,1,44,2.27%,9.61
https://www.padelcourtsfinder.com/blog/babolat-technical-viper-review,1,42,2.38%,11.38
https://www.padelcourtsfinder.com/padel-near/riverside,1,41,2.44%,9.71
https://www.padelcourtsfinder.com/courts/padel-club-ct-padel-smash-club,1,38,2.63%,8.53
https://www.padelcourtsfinder.com/pennsylvania/lancaster,1,36,2.78%,6.81
https://www.padelcourtsfinder.com/virginia/richmond,1,31,3.23%,9.26
https://www.padelcourtsfinder.com/blog,1,30,3.33%,13.83
https://www.padelcourtsfinder.com/courts/roy-barth-tennis-center,1,28,3.57%,7.43
https://www.padelcourtsfinder.com/blog/best-padel-clubs-tucson,1,27,3.7%,6.93
https://www.padelcourtsfinder.com/courts/society-las-olas-padel,1,27,3.7%,15.93
https://www.padelcourtsfinder.com/florida/boynton-beach,1,22,4.55%,8
https://www.padelcourtsfinder.com/padel-near/aurora,1,21,4.76%,8.67
https://padelcourtsfinder.com/courts/dallas-padel-club,1,17,5.88%,10.71
https://www.padelcourtsfinder.com/idaho,1,15,6.67%,7.53
https://www.padelcourtsfinder.com/courts/ritz-carlton-key-biscayne-padel,1,15,6.67%,7.67
https://www.padelcourtsfinder.com/new-jersey/englewood,1,14,7.14%,5.64
https://www.padelcourtsfinder.com/courts/newport-pickleball-club-padel,1,13,7.69%,8.31
https://www.padelcourtsfinder.com/courts/stowe-racquets,1,11,9.09%,5.09
https://www.padelcourtsfinder.com/padel-near/buffalo,1,9,11.11%,6.89
https://www.padelcourtsfinder.com/padel-near/sacramento,1,9,11.11%,8.11
https://www.padelcourtsfinder.com/courts/priv-padel,1,8,12.5%,9.12
https://www.padelcourtsfinder.com/courts/taktika-padel-fairmont-grand-del-mar,1,7,14.29%,6.57
https://www.padelcourtsfinder.com/padel-near/fort-wayne,1,7,14.29%,8
https://www.padelcourtsfinder.com/padel-near/gilbert,1,6,16.67%,7.17
https://www.padelcourtsfinder.com/courts/padel-foundry,1,5,20%,5
https://www.padelcourtsfinder.com/padel-near/winston-salem,1,4,25%,5
https://www.padelcourtsfinder.com/padel-near/des-moines,1,4,25%,7
https://www.padelcourtsfinder.com/padel-near/akron,1,3,33.33%,4.33
https://www.padelcourtsfinder.com/texas/el-paso,1,3,33.33%,6.67
https://www.padelcourtsfinder.com/florida/windermere,1,2,50%,4
https://www.padelcourtsfinder.com/courts/taktika-padel-palm-desert,1,2,50%,7.5
https://www.padelcourtsfinder.com/courts/padel-paso,1,2,50%,8
https://www.padelcourtsfinder.com/courts/sandy-springs-racquet-center,1,1,100%,8
https://www.padelcourtsfinder.com/courts/padel-haus-atlanta,0,495,0%,8.85
https://www.padelcourtsfinder.com/blog/padel-vs-pickleball,0,424,0%,17.43
https://www.padelcourtsfinder.com/courts/padel-haus-williamsburg,0,346,0%,10.06
https://www.padelcourtsfinder.com/courts/epic-athletic-club,0,312,0%,9.04
https://www.padelcourtsfinder.com/courts/real-padel-miami,0,295,0%,7.8
https://www.padelcourtsfinder.com/faq,0,273,0%,21.33
https://www.padelcourtsfinder.com/courts/padel-haus-nashville,0,248,0%,8.91
https://www.padelcourtsfinder.com/courts/point-padel-club,0,242,0%,7.88
https://www.padelcourtsfinder.com/massachusetts,0,237,0%,9.59
https://www.padelcourtsfinder.com/courts/replay-club,0,231,0%,9.81
https://www.padelcourtsfinder.com/courts/swim-and-racquet-club,0,220,0%,7.8
https://www.padelcourtsfinder.com/courts/sunset-padel,0,220,0%,7.84
https://www.padelcourtsfinder.com/blog/best-padel-clubs-orlando,0,219,0%,7.73
https://www.padelcourtsfinder.com/blog/padel-bandeja-explained,0,184,0%,12.25
https://www.padelcourtsfinder.com/courts/cleveland-premier-pickleball-padel,0,173,0%,8.14
https://www.padelcourtsfinder.com/courts/urban-padel,0,173,0%,8.98
https://www.padelcourtsfinder.com/courts/padel-park-inc,0,168,0%,10.38
https://www.padelcourtsfinder.com/courts/reserve-padel-sol-mia,0,163,0%,11.4
https://www.padelcourtsfinder.com/courts/south-end-racquet-health-club,0,154,0%,10.18
https://www.padelcourtsfinder.com/courts/austin-padel-center-pop-up,0,152,0%,8.85
https://www.padelcourtsfinder.com/courts/i95-padel-club-miami,0,143,0%,9.43
https://www.padelcourtsfinder.com/courts/padel-club-austin,0,143,0%,10.86
https://www.padelcourtsfinder.com/courts/epic-padel-inc,0,128,0%,8.26
https://www.padelcourtsfinder.com/courts/northpoint-padel,0,124,0%,9.4
https://www.padelcourtsfinder.com/courts/zmash-padel,0,124,0%,9.47
https://www.padelcourtsfinder.com/courts/padel-pals,0,122,0%,8.7
https://www.padelcourtsfinder.com/blog/padel-racket-shapes-explained,0,118,0%,20.31
https://www.padelcourtsfinder.com/courts/the-drop-club,0,117,0%,7.31
https://www.padelcourtsfinder.com/colorado,0,116,0%,10.84
https://www.padelcourtsfinder.com/blog/adidas-metalbone-hrd-review,0,110,0%,8.71
https://www.padelcourtsfinder.com/how-to-play,0,110,0%,33.67
https://www.padelcourtsfinder.com/courts/pure-pickleball-padel,0,106,0%,9.91
https://www.padelcourtsfinder.com/ohio/cincinnati,0,102,0%,8.69
https://www.padelcourtsfinder.com/buy-a-padel-court,0,101,0%,55.67
https://www.padelcourtsfinder.com/utah/salt-lake-city,0,99,0%,8.59
https://www.padelcourtsfinder.com/equipment,0,99,0%,18.42
https://www.padelcourtsfinder.com/texas,0,98,0%,9.4
https://www.padelcourtsfinder.com/courts/racket-social-club-denver,0,98,0%,15.33
https://www.padelcourtsfinder.com/michigan,0,86,0%,9.19
https://www.padelcourtsfinder.com/courts/10by20-padel-downtown-fort-lauderdale,0,83,0%,11.54
https://www.padelcourtsfinder.com/blog/best-padel-clubs-brooklyn,0,80,0%,10.4
https://www.padelcourtsfinder.com/california/san-diego,0,78,0%,9.45
https://www.padelcourtsfinder.com/courts/cube-padel-chicago,0,74,0%,11.62
https://www.padelcourtsfinder.com/courts/padel-den-usa,0,73,0%,7.71
https://www.padelcourtsfinder.com/courts/legio-gp-padel-world,0,73,0%,8.51
https://www.padelcourtsfinder.com/courts/racket-social-club-alpharetta,0,71,0%,10.77
https://www.padelcourtsfinder.com/courts/cube-padel-houston,0,70,0%,8.77
https://padelcourtsfinder.com/courts/the-king-of-padel-san-antonio,0,70,0%,14.34
https://www.padelcourtsfinder.com/padel-near/wichita,0,69,0%,10.71
https://www.padelcourtsfinder.com/courts/the-pad-sarasota,0,69,0%,27.87
https://www.padelcourtsfinder.com/courts/dorado-beach-sports-hub,0,64,0%,7.59
https://www.padelcourtsfinder.com/courts/roslyn-padel,0,62,0%,5.55
https://www.padelcourtsfinder.com/padel-lessons,0,61,0%,6.46
https://www.padelcourtsfinder.com/courts/the-courts-at-montauk-yacht-club,0,60,0%,10.53
https://www.padelcourtsfinder.com/courts/padel-alley,0,59,0%,9.14
https://www.padelcourtsfinder.com/courts/platinum-padel-club,0,58,0%,9.45
https://www.padelcourtsfinder.com/oklahoma/oklahoma-city,0,55,0%,6.47
https://www.padelcourtsfinder.com/courts/the-pad-tucson,0,55,0%,10.78
https://www.padelcourtsfinder.com/courts/kotofit-brunswick-st,0,53,0%,18.21
https://www.padelcourtsfinder.com/courts/santa-monica-pickleball-padel,0,49,0%,7.06
https://www.padelcourtsfinder.com/new-york/new-york,0,49,0%,12.71
https://www.padelcourtsfinder.com/courts/esl-padel,0,48,0%,6.04
https://www.padelcourtsfinder.com/courts/padel-clube,0,48,0%,12.46
https://www.padelcourtsfinder.com/courts/rad-padel,0,44,0%,5.5
https://www.padelcourtsfinder.com/courts/xcel-padel,0,43,0%,8.37
https://www.padelcourtsfinder.com/rhode-island,0,43,0%,8.67
https://www.padelcourtsfinder.com/washington,0,41,0%,9.07
https://www.padelcourtsfinder.com/courts/conquer-padel-club,0,41,0%,10.41
https://www.padelcourtsfinder.com/tennessee,0,41,0%,14.07
https://www.padelcourtsfinder.com/blog/best-padel-clubs-fort-lauderdale,0,40,0%,5.95
https://www.padelcourtsfinder.com/about,0,39,0%,6.97
https://www.padelcourtsfinder.com/district-of-columbia,0,36,0%,11.14
https://www.padelcourtsfinder.com/courts/reserve-padel-seaplane-base,0,36,0%,17.36
https://www.padelcourtsfinder.com/padel-near/newark,0,35,0%,11.17
https://padelcourtsfinder.com/california/sunnyvale,0,34,0%,8.88
https://www.padelcourtsfinder.com/oregon,0,34,0%,9.74
https://www.padelcourtsfinder.com/courts/golden-point-padel,0,33,0%,7.48
https://www.padelcourtsfinder.com/courts/brickell-soccer-and-padel,0,33,0%,8.27
https://www.padelcourtsfinder.com/puerto-rico/san-juan,0,31,0%,7.29
https://www.padelcourtsfinder.com/kentucky/louisville,0,31,0%,8.97
https://www.padelcourtsfinder.com/padel-near/detroit,0,30,0%,7.43
https://www.padelcourtsfinder.com/courts/sensa-padel-nashville,0,30,0%,8.2
https://www.padelcourtsfinder.com/florida/north-miami,0,29,0%,12.14
https://www.padelcourtsfinder.com/courts/the-gables-padel,0,28,0%,5.5
https://www.padelcourtsfinder.com/courts/greencroft-club,0,28,0%,9.18
https://www.padelcourtsfinder.com/courts/boulevard-tennis-padel-club,0,27,0%,12.89
https://www.padelcourtsfinder.com/courts/flyte-racquet-club,0,26,0%,7.5
https://www.padelcourtsfinder.com/courts/h-f-racquet-fitness-club,0,26,0%,9
https://www.padelcourtsfinder.com/courts/the-club-at-boca-pointe,0,25,0%,15.92
https://www.padelcourtsfinder.com/courts/smart-padel-house,0,24,0%,4.38
https://www.padelcourtsfinder.com/courts/laredo-padel-club,0,24,0%,7.12
https://www.padelcourtsfinder.com/courts/6-love-sports,0,24,0%,10.17
https://www.padelcourtsfinder.com/courts/dixson-padel-and-pickleball-club,0,23,0%,7.48
https://www.padelcourtsfinder.com/blog/padel-patterns-beginners,0,23,0%,8.09
https://www.padelcourtsfinder.com/courts/ballers-boston-seaport,0,22,0%,7.09
https://www.padelcourtsfinder.com/courts/padel-up-sterling,0,22,0%,7.77
https://www.padelcourtsfinder.com/louisiana,0,22,0%,7.91
https://www.padelcourtsfinder.com/courts/sportime-padel-at-randalls-island,0,21,0%,7.33
https://www.padelcourtsfinder.com/courts/deuces-padel-club,0,21,0%,9.57
https://www.padelcourtsfinder.com/courts/padel-country-club-memorial,0,20,0%,3.75
https://www.padelcourtsfinder.com/courts/10by20-padel-wellington,0,20,0%,7.25
https://www.padelcourtsfinder.com/courts/ola-by-nox,0,20,0%,7.9
https://www.padelcourtsfinder.com/padel-near/santa-ana,0,20,0%,12.45
https://www.padelcourtsfinder.com/blog/padel-accessories,0,20,0%,21.95
https://www.padelcourtsfinder.com/florida/st.-petersburg,0,19,0%,6.11
https://www.padelcourtsfinder.com/courts/matrix-club,0,19,0%,6.47
https://www.padelcourtsfinder.com/courts/gozzer-ranch-golf-lake-club,0,19,0%,6.79
https://www.padelcourtsfinder.com/courts/venice-beach-paddle-tennis-courts,0,19,0%,7.63
https://www.padelcourtsfinder.com/courts/wakit-rakit-titusville,0,18,0%,7.22
https://www.padelcourtsfinder.com/florida/miramar,0,18,0%,7.39
https://www.padelcourtsfinder.com/courts/boars-head-sports-club,0,18,0%,8.06
https://www.padelcourtsfinder.com/vermont,0,18,0%,8.33
https://www.padelcourtsfinder.com/connecticut/newington,0,17,0%,7.65
https://www.padelcourtsfinder.com/courts/padel-kc,0,17,0%,9.59
https://www.padelcourtsfinder.com/arkansas,0,17,0%,11.18
https://www.padelcourtsfinder.com/courts/padel-plus-indoor-racquet-club,0,16,0%,4.12
https://www.padelcourtsfinder.com/list-your-court,0,16,0%,6.62
https://www.padelcourtsfinder.com/nevada,0,16,0%,14.81
https://www.padelcourtsfinder.com/california/sherman-oaks,0,16,0%,17
https://www.padelcourtsfinder.com/courts/englewood-field-club,0,15,0%,5.87
https://www.padelcourtsfinder.com/courts/incredibowl-pickle-padel,0,15,0%,7.93
https://www.padelcourtsfinder.com/courts/pura-padel,0,15,0%,8.33
https://www.padelcourtsfinder.com/courts/tropical-park-tennis-center,0,15,0%,8.33
https://www.padelcourtsfinder.com/district-of-columbia/washington,0,15,0%,13.73
https://www.padelcourtsfinder.com/california/torrance,0,14,0%,6.36
https://www.padelcourtsfinder.com/blog/best-padel-clubs-west-palm-beach,0,14,0%,7
https://www.padelcourtsfinder.com/courts/padel-united-sports-club,0,14,0%,7.14
https://www.padelcourtsfinder.com/courts/nicol-rackets,0,14,0%,8.93
https://www.padelcourtsfinder.com/courts/los-angeles-padel-club,0,14,0%,14.36
https://www.padelcourtsfinder.com/padel-near/garland,0,13,0%,5.85
https://www.padelcourtsfinder.com/padel-near/oxnard,0,13,0%,6.77
https://www.padelcourtsfinder.com/new-mexico,0,13,0%,7.46
https://www.padelcourtsfinder.com/courts/padel-society,0,13,0%,7.85
https://www.padelcourtsfinder.com/courts/preston-playhouse,0,13,0%,8.08
https://www.padelcourtsfinder.com/padel-near/irvine,0,13,0%,8.38
https://www.padelcourtsfinder.com/courts/serve-el-paso,0,12,0%,7.92
https://www.padelcourtsfinder.com/indiana,0,12,0%,7.92
https://www.padelcourtsfinder.com/courts/usta-national-campus,0,12,0%,8.17
https://www.padelcourtsfinder.com/padel-near/fort-worth,0,12,0%,8.17
https://www.padelcourtsfinder.com/new-jersey/jersey-city,0,12,0%,8.5
https://www.padelcourtsfinder.com/courts/vamos-racquets,0,11,0%,5.18
https://www.padelcourtsfinder.com/courts/proximo-padel,0,11,0%,6.91
https://www.padelcourtsfinder.com/courts/kotofit-3rd-st-badminton,0,11,0%,8.55
https://www.padelcourtsfinder.com/california/sunnyvale,0,11,0%,11.73
https://www.padelcourtsfinder.com/padel-near/moreno-valley,0,11,0%,37.55
https://www.padelcourtsfinder.com/courts/padel-social-bethesda,0,10,0%,6.3
https://www.padelcourtsfinder.com/kentucky,0,10,0%,6.4
https://www.padelcourtsfinder.com/courts/union-padel-club,0,10,0%,6.8
https://www.padelcourtsfinder.com/courts/north-hills-club-inc,0,10,0%,8.7
https://www.padelcourtsfinder.com/courts/u-padel-club-the-woodlands,0,10,0%,9.4
https://www.padelcourtsfinder.com/courts/houston-padel-indoor,0,9,0%,3.78
https://www.padelcourtsfinder.com/courts/the-king-of-padel,0,9,0%,7
https://www.padelcourtsfinder.com/courts/ltp-daniel-island,0,9,0%,7.22
https://www.padelcourtsfinder.com/padel-near/pittsburgh,0,9,0%,7.56
https://www.padelcourtsfinder.com/padel-near/chandler,0,9,0%,7.78
https://www.padelcourtsfinder.com/courts/hampton-racquet,0,9,0%,8
https://www.padelcourtsfinder.com/padel-near/knoxville,0,9,0%,8.44
https://www.padelcourtsfinder.com/courts/dus-padel,0,9,0%,8.89
https://www.padelcourtsfinder.com/missouri,0,9,0%,9.56
https://www.padelcourtsfinder.com/padel-near/lubbock,0,8,0%,2.75
https://www.padelcourtsfinder.com/padel-near/plano,0,8,0%,4.38
https://www.padelcourtsfinder.com/padel-near/mckinney,0,8,0%,4.75
https://www.padelcourtsfinder.com/courts/padelhub,0,8,0%,6.25
https://www.padelcourtsfinder.com/oklahoma,0,8,0%,7
https://www.padelcourtsfinder.com/courts/padel39-east-austin,0,8,0%,7.62
https://www.padelcourtsfinder.com/south-carolina/kiawah-island,0,8,0%,7.62
https://www.padelcourtsfinder.com/courts/cityview-racquet-club,0,8,0%,8.38
https://www.padelcourtsfinder.com/courts/pickle-n-pins,0,8,0%,9.12
https://www.padelcourtsfinder.com/courts/rancho-valencia,0,8,0%,9.5
https://padelcourtsfinder.com/courts/the-padel-courts,0,8,0%,73.75
https://www.padelcourtsfinder.com/courts/camelback-padel-club,0,7,0%,2.29
https://www.padelcourtsfinder.com/puerto-rico/dorado,0,7,0%,5.71
https://www.padelcourtsfinder.com/courts/sb-padel-houston,0,7,0%,5.86
https://www.padelcourtsfinder.com/padel-near/anchorage,0,7,0%,6.57
https://www.padelcourtsfinder.com/padel-near/anaheim,0,7,0%,6.86
https://www.padelcourtsfinder.com/courts/fisher-island-club,0,7,0%,7.29
https://www.padelcourtsfinder.com/courts/forked-lightning-racquet-club,0,7,0%,7.57
https://www.padelcourtsfinder.com/courts/newgen-racquet-club,0,7,0%,8.14
https://www.padelcourtsfinder.com/courts/centercourt-morristown,0,7,0%,8.86
https://www.padelcourtsfinder.com/courts/padel,0,7,0%,10.57
https://www.padelcourtsfinder.com/blog/how-to-choose-padel-club,0,7,0%,12.57
https://www.padelcourtsfinder.com/courts/west43-padel,0,6,0%,4.5
https://www.padelcourtsfinder.com/florida/wellington,0,6,0%,4.5
https://www.padelcourtsfinder.com/blog/new-padel-clubs-july-2026,0,6,0%,5.5
https://www.padelcourtsfinder.com/courts/pulse-padel-hub,0,6,0%,5.67
https://www.padelcourtsfinder.com/courts/tamiami-park-canas-racket,0,6,0%,6
https://www.padelcourtsfinder.com/padel-near/memphis,0,6,0%,6.67
https://www.padelcourtsfinder.com/courts/padel-square,0,6,0%,6.83
https://www.padelcourtsfinder.com/courts/rcw-athletic-club,0,6,0%,7.17
https://www.padelcourtsfinder.com/courts/orienta-beach-club,0,6,0%,7.5
https://www.padelcourtsfinder.com/courts/ultra-padel-club-aventura,0,6,0%,7.83
https://www.padelcourtsfinder.com/courts/rgv-padel-pickleball-club,0,6,0%,8.5
https://www.padelcourtsfinder.com/courts/padel-plant,0,6,0%,9.5
https://www.padelcourtsfinder.com/courts/denver-racquets-club,0,6,0%,9.67
https://www.padelcourtsfinder.com/courts/sodo-padel,0,6,0%,9.67
https://www.padelcourtsfinder.com/courts/the-padel-club,0,6,0%,14.83
https://padelcourtsfinder.com/courts/padel-clube,0,6,0%,30.33
https://www.padelcourtsfinder.com/padel-near/augusta,0,5,0%,3.2
https://www.padelcourtsfinder.com/new-york/southampton,0,5,0%,3.4
https://www.padelcourtsfinder.com/blog/best-padel-clubs-san-antonio,0,5,0%,3.6
https://www.padelcourtsfinder.com/courts/area-centre,0,5,0%,4.6
https://www.padelcourtsfinder.com/courts/the-hive-padel-club,0,5,0%,4.8
https://www.padelcourtsfinder.com/courts/woodcourt-padel-and-pickleball,0,5,0%,4.8
https://www.padelcourtsfinder.com/padel-near/spokane,0,5,0%,4.8
https://www.padelcourtsfinder.com/courts/kinetic-indoor-racquet-club,0,5,0%,5.2
https://www.padelcourtsfinder.com/courts/lhirondelle-club-of-ruxton,0,5,0%,5.8
https://www.padelcourtsfinder.com/courts/aspen-padel-club,0,5,0%,6
https://www.padelcourtsfinder.com/colorado/snowmass-village,0,5,0%,6.6
https://www.padelcourtsfinder.com/florida/aventura,0,5,0%,7
https://www.padelcourtsfinder.com/virginia/charlottesville,0,5,0%,7
https://www.padelcourtsfinder.com/courts/saddle-cycle-club,0,5,0%,7.2
https://www.padelcourtsfinder.com/florida/key-biscayne,0,5,0%,7.2
https://www.padelcourtsfinder.com/padel-near/huntsville,0,5,0%,7.2
https://www.padelcourtsfinder.com/courts/the-one-padel-club,0,5,0%,7.4
https://www.padelcourtsfinder.com/padel-near/new-orleans,0,5,0%,7.4
https://www.padelcourtsfinder.com/new-york/long-island-city,0,5,0%,7.6
https://www.padelcourtsfinder.com/courts/the-parker-racquet-club,0,5,0%,7.8
https://www.padelcourtsfinder.com/courts/traditions-club,0,5,0%,8.2
https://www.padelcourtsfinder.com/arkansas/lowell,0,5,0%,8.4
https://www.padelcourtsfinder.com/courts/maketewah-country-club,0,5,0%,9.2
https://www.padelcourtsfinder.com/courts/the-king-of-padel-san-antonio,0,5,0%,9.2
https://www.padelcourtsfinder.com/florida/titusville,0,5,0%,9.2
https://www.padelcourtsfinder.com/courts/access-padel,0,5,0%,9.8
https://www.padelcourtsfinder.com/courts/racket-social-club,0,5,0%,10.4
https://www.padelcourtsfinder.com/california/whittier,0,5,0%,11
https://www.padelcourtsfinder.com/courts/bulldog-padel-club,0,4,0%,3
https://www.padelcourtsfinder.com/padel-near/san-bernardino,0,4,0%,4.5
https://www.padelcourtsfinder.com/texas/amarillo,0,4,0%,4.5
https://www.padelcourtsfinder.com/new-jersey/east-hanover,0,4,0%,4.75
https://www.padelcourtsfinder.com/padel-near/little-rock,0,4,0%,4.75
https://www.padelcourtsfinder.com/courts/northwood-racquet-fitness,0,4,0%,5
https://www.padelcourtsfinder.com/padel-near/fresno,0,4,0%,5
https://www.padelcourtsfinder.com/padel-near/norfolk,0,4,0%,5
https://padelcourtsfinder.com/courts/la-casa-del-padel,0,4,0%,5.75
https://www.padelcourtsfinder.com/courts/smash-padel,0,4,0%,6.25
https://www.padelcourtsfinder.com/padel-near/baltimore,0,4,0%,6.25
https://www.padelcourtsfinder.com/utah/vineyard,0,4,0%,6.5
https://padelcourtsfinder.com/courts/the-drop-club,0,4,0%,6.75
https://www.padelcourtsfinder.com/courts/the-club-at-monroe,0,4,0%,6.75
https://www.padelcourtsfinder.com/courts/padel-up-club,0,4,0%,7
https://www.padelcourtsfinder.com/courts/the-racquet-lounge,0,4,0%,7.25
https://www.padelcourtsfinder.com/padel-near/henderson,0,4,0%,7.25
https://www.padelcourtsfinder.com/courts/columbus-padel-club,0,4,0%,7.5
https://www.padelcourtsfinder.com/courts/padel-break-point,0,4,0%,7.5
https://www.padelcourtsfinder.com/courts/philadelphia-cricket-club,0,4,0%,7.5
https://www.padelcourtsfinder.com/california/palm-desert,0,4,0%,7.75
https://www.padelcourtsfinder.com/padel-near/birmingham,0,4,0%,8.25
https://www.padelcourtsfinder.com/courts/forest-lakes-swim-tennis-club,0,4,0%,9.25
https://www.padelcourtsfinder.com/courts/bmorepadel,0,4,0%,9.5
https://www.padelcourtsfinder.com/courts/the-courthouse,0,4,0%,9.75
https://www.padelcourtsfinder.com/courts/conquer-padel-jacksonville,0,4,0%,10
https://www.padelcourtsfinder.com/padel-near/boise,0,4,0%,10
https://www.padelcourtsfinder.com/search?city=San Francisco,0,4,0%,10
https://www.padelcourtsfinder.com/courts/9co-padel-at-cloud-9-park,0,4,0%,10.25
https://www.padelcourtsfinder.com/courts/padel-haus-greenpoint,0,4,0%,16.5
https://www.padelcourtsfinder.com/courts/mondo-padel,0,3,0%,2.33
https://www.padelcourtsfinder.com/padel-near/fontana,0,3,0%,2.33
https://www.padelcourtsfinder.com/courts/southpadel,0,3,0%,2.67
https://www.padelcourtsfinder.com/courts/lake-padel-orlando,0,3,0%,3
https://www.padelcourtsfinder.com/courts/triangle-tennis-club,0,3,0%,3
https://www.padelcourtsfinder.com/padel-near/port-st-lucie,0,3,0%,3
https://www.padelcourtsfinder.com/courts/icon-padel-club,0,3,0%,4
https://www.padelcourtsfinder.com/courts/briarwood-country-club,0,3,0%,4.33
https://www.padelcourtsfinder.com/texas/mission,0,3,0%,4.33
https://www.padelcourtsfinder.com/courts/the-padel-collective,0,3,0%,4.67
https://www.padelcourtsfinder.com/courts/addison-reserve-country-club,0,3,0%,5.33
https://www.padelcourtsfinder.com/padel-near/huntington-beach,0,3,0%,5.33
https://www.padelcourtsfinder.com/courts/cincinnati-open-sporting-club,0,3,0%,5.67
https://www.padelcourtsfinder.com/courts/net-racquet-club,0,3,0%,6
https://www.padelcourtsfinder.com/courts/ipadel-houston,0,3,0%,6.33
https://www.padelcourtsfinder.com/courts/pepper-padel,0,3,0%,6.33
https://www.padelcourtsfinder.com/courts/la-valle-coastal-club,0,3,0%,6.67
https://www.padelcourtsfinder.com/courts/pick-and-padel-san-antonio,0,3,0%,6.67
https://www.padelcourtsfinder.com/florida/jacksonville,0,3,0%,6.67
https://www.padelcourtsfinder.com/padel-near/tulsa,0,3,0%,6.67
https://www.padelcourtsfinder.com/utah/orem,0,3,0%,7
https://www.padelcourtsfinder.com/courts/rax-new-jersey,0,3,0%,7.33
https://www.padelcourtsfinder.com/courts/the-greens-country-club,0,3,0%,7.33
https://www.padelcourtsfinder.com/padel-near/providence,0,3,0%,7.33
https://www.padelcourtsfinder.com/padel-near/tacoma,0,3,0%,7.67
https://www.padelcourtsfinder.com/courts/mesa-padel-club,0,3,0%,8
https://www.padelcourtsfinder.com/massachusetts/brookline,0,3,0%,8
https://www.padelcourtsfinder.com/courts/the-houstonian-club,0,3,0%,8.67
https://www.padelcourtsfinder.com/florida/delray-beach,0,3,0%,9.67
https://www.padelcourtsfinder.com/padel-near/rochester,0,3,0%,9.67
https://www.padelcourtsfinder.com/texas/spring,0,3,0%,10.33
https://www.padelcourtsfinder.com/nevada/las-vegas,0,3,0%,49.33
https://www.padelcourtsfinder.com/courts/ace-padel-denver,0,2,0%,3
https://www.padelcourtsfinder.com/courts/brookline-platform-tennis-club-inc,0,2,0%,3.5
https://www.padelcourtsfinder.com/courts/slice-padel-co,0,2,0%,3.5
https://www.padelcourtsfinder.com/courts/la-casa-del-padel,0,2,0%,4
https://www.padelcourtsfinder.com/courts/olympus-padel,0,2,0%,4
https://www.padelcourtsfinder.com/courts/punto-azul-padel-club,0,2,0%,4
https://www.padelcourtsfinder.com/georgia/peachtree-city,0,2,0%,4
https://www.padelcourtsfinder.com/colorado/boulder,0,2,0%,4.5
https://www.padelcourtsfinder.com/colorado/parker,0,2,0%,4.5
https://www.padelcourtsfinder.com/padel-near/modesto,0,2,0%,4.5
https://www.padelcourtsfinder.com/california/san-rafael,0,2,0%,5
https://www.padelcourtsfinder.com/courts/mid-coast-recreation-center-inc,0,2,0%,5
https://www.padelcourtsfinder.com/padel-near/reno,0,2,0%,5
https://www.padelcourtsfinder.com/courts/anytime-padel,0,2,0%,5.5
https://www.padelcourtsfinder.com/padel-near/saint-paul,0,2,0%,5.5
https://www.padelcourtsfinder.com/maryland/bethesda,0,2,0%,6
https://www.padelcourtsfinder.com/texas/frisco,0,2,0%,6
https://www.padelcourtsfinder.com/courts/cascades-tennis,0,2,0%,6.5
https://www.padelcourtsfinder.com/courts/viva-padel-flourtown,0,2,0%,6.5
https://www.padelcourtsfinder.com/padel-near/bakersfield,0,2,0%,6.5
https://www.padelcourtsfinder.com/padel-near/worcester,0,2,0%,6.5
https://www.padelcourtsfinder.com/padel-near/yonkers,0,2,0%,6.5
https://www.padelcourtsfinder.com/courts/banner-house-at-t-bar-m,0,2,0%,7
https://www.padelcourtsfinder.com/courts/tuxedo-paddle-courts,0,2,0%,7
https://www.padelcourtsfinder.com/florida/jacksonville-beach,0,2,0%,7
https://www.padelcourtsfinder.com/florida/west-palm-beach,0,2,0%,7
https://www.padelcourtsfinder.com/florida/zephyrhills,0,2,0%,7
https://www.padelcourtsfinder.com/illinois/deerfield,0,2,0%,7.5
https://www.padelcourtsfinder.com/new-jersey/oakland,0,2,0%,7.5
https://www.padelcourtsfinder.com/new-york/tuxedo-park,0,2,0%,7.5
https://www.padelcourtsfinder.com/courts/the-ocean-club,0,2,0%,8
https://www.padelcourtsfinder.com/california/santa-monica,0,2,0%,8.5
https://www.padelcourtsfinder.com/courts/brookhaven-country-club,0,2,0%,8.5
https://www.padelcourtsfinder.com/courts/club-padel-newtown,0,2,0%,8.5
https://www.padelcourtsfinder.com/courts/padel-club-palm-beach,0,2,0%,9
https://www.padelcourtsfinder.com/texas/san-antonio,0,2,0%,9
https://www.padelcourtsfinder.com/courts/the-cliffs-at-mountain-park,0,2,0%,9.5
https://www.padelcourtsfinder.com/courts/the-heights-racquet-and-social-club,0,2,0%,9.5
https://www.padelcourtsfinder.com/padel-near/lincoln,0,2,0%,9.5
https://www.padelcourtsfinder.com/courts/epic-padel-milwaukee,0,2,0%,10
https://www.padelcourtsfinder.com/florida/westlake,0,2,0%,10
https://www.padelcourtsfinder.com/padel-near/omaha,0,2,0%,10
https://www.padelcourtsfinder.com/courts/cube-padel-chicago-bridgeport,0,2,0%,11
https://www.padelcourtsfinder.com/courts/padel-in-orlando,0,2,0%,11
https://www.padelcourtsfinder.com/courts/pine-hollow-club,0,2,0%,11
https://www.padelcourtsfinder.com/padel-near/honolulu,0,2,0%,11.5
https://www.padelcourtsfinder.com/georgia/tucker,0,1,0%,1
https://www.padelcourtsfinder.com/courts/styslinger-altec-tennis-complex,0,1,0%,2
https://www.padelcourtsfinder.com/new-york/east-norwich,0,1,0%,2
https://www.padelcourtsfinder.com/courts/padel-pickle,0,1,0%,3
https://www.padelcourtsfinder.com/courts/vamos-padel,0,1,0%,3
https://www.padelcourtsfinder.com/maine/rockport,0,1,0%,3
https://www.padelcourtsfinder.com/maryland/pikesville,0,1,0%,3
https://www.padelcourtsfinder.com/padel-near/montgomery,0,1,0%,3
https://www.padelcourtsfinder.com/pennsylvania/easton,0,1,0%,3
https://www.padelcourtsfinder.com/florida/sunrise,0,1,0%,4
https://www.padelcourtsfinder.com/search?city=Dallas,0,1,0%,4
https://www.padelcourtsfinder.com/texas/rancho-viejo,0,1,0%,4
https://www.padelcourtsfinder.com/virginia/virginia-beach,0,1,0%,4
https://www.padelcourtsfinder.com/california/del-mar,0,1,0%,5
https://www.padelcourtsfinder.com/courts/ballers-philly,0,1,0%,5
https://www.padelcourtsfinder.com/courts/portres-sports-club,0,1,0%,5
https://www.padelcourtsfinder.com/padel-near/cleveland,0,1,0%,5
https://www.padelcourtsfinder.com/padel-near/irving,0,1,0%,5
https://www.padelcourtsfinder.com/padel-near/santa-clarita,0,1,0%,5
https://www.padelcourtsfinder.com/vermont/stowe,0,1,0%,5
https://www.padelcourtsfinder.com/courts/amarillo-national-tennis-center,0,1,0%,6
https://www.padelcourtsfinder.com/courts/foundry-padel,0,1,0%,6
https://www.padelcourtsfinder.com/florida/boca-raton,0,1,0%,6
https://www.padelcourtsfinder.com/florida/hialeah,0,1,0%,6
https://www.padelcourtsfinder.com/padel-near/baton-rouge,0,1,0%,6
https://www.padelcourtsfinder.com/padel-near/fremont,0,1,0%,6
https://www.padelcourtsfinder.com/padel-near/grand-rapids,0,1,0%,6
https://www.padelcourtsfinder.com/arizona/scottsdale,0,1,0%,7
https://www.padelcourtsfinder.com/colorado/lakewood,0,1,0%,7
https://www.padelcourtsfinder.com/courts/boca-grove,0,1,0%,7
https://www.padelcourtsfinder.com/courts/mainland-sports-complex,0,1,0%,7
https://www.padelcourtsfinder.com/courts/padel-country-club,0,1,0%,7
https://www.padelcourtsfinder.com/texas/mcallen,0,1,0%,7
https://www.padelcourtsfinder.com/connecticut/stamford,0,1,0%,8
https://www.padelcourtsfinder.com/courts/padel-america-at-pickleball-america,0,1,0%,8
https://www.padelcourtsfinder.com/indiana/westfield,0,1,0%,8
https://www.padelcourtsfinder.com/maryland/towson,0,1,0%,8
https://www.padelcourtsfinder.com/connecticut/branford,0,1,0%,9
https://www.padelcourtsfinder.com/courts/padel-az,0,1,0%,9
https://www.padelcourtsfinder.com/courts/padel-highway,0,1,0%,9
https://www.padelcourtsfinder.com/kansas/overland-park,0,1,0%,9
https://www.padelcourtsfinder.com/new-york/setauket-east-setauket,0,1,0%,9
https://www.padelcourtsfinder.com/padel-near/minneapolis,0,1,0%,9
https://www.padelcourtsfinder.com/courts/giammalva-padel-club,0,1,0%,10
https://www.padelcourtsfinder.com/courts/xcel-padel-westlake,0,1,0%,10
https://www.padelcourtsfinder.com/florida/sarasota,0,1,0%,10
https://www.padelcourtsfinder.com/new-jersey/morristown,0,1,0%,10
https://www.padelcourtsfinder.com/padel-near/greensboro,0,1,0%,10
https://www.padelcourtsfinder.com/pennsylvania/flourtown,0,1,0%,10
https://www.padelcourtsfinder.com/courts/pine-valley-swim-tennis-club,0,1,0%,11
https://www.padelcourtsfinder.com/courts/rancho-viejo-resort-country-club,0,1,0%,11
https://www.padelcourtsfinder.com/new-york/hewlett-harbor,0,1,0%,12
https://www.padelcourtsfinder.com/tennessee/nashville,0,1,0%,12
https://www.padelcourtsfinder.com/connecticut/greenwich,0,1,0%,15