Top queries,Clicks,Impressions,CTR,Position
padel courts near me,56,1461,3.83%,6.96
padel near me,50,2166,2.31%,7.2
padel nyc,28,1141,2.45%,6.99
padel courts nyc,17,195,8.72%,4.07
padel court near me,15,511,2.94%,7.65
padel fort lauderdale,13,157,8.28%,6.34
padel courts,12,901,1.33%,9.01
best padel shoes,11,605,1.82%,16.39
head extreme pro 2026 review,11,273,4.03%,7.52
padel x boca raton,10,321,3.12%,4.05
padel atlanta,10,270,3.7%,8.22
padel court,8,3017,0.27%,8.97
cascadia padel,8,55,14.55%,6.93
padel columbus ohio,7,85,8.24%,3.73
padel brooklyn,6,155,3.87%,4.41
padel charlotte nc,6,110,5.45%,6.94
nyc padel,6,91,6.59%,6.08
where to play padel in nyc,6,70,8.57%,5.1
padel courts finder,6,9,66.67%,1.89
padel new york,5,349,1.43%,6.77
padel in nyc,5,160,3.12%,7.14
best beginner padel racket,5,52,9.62%,20.12
padel club new york,5,37,13.51%,5.97
nyc padel courts,5,18,27.78%,3.83
best teardrop padel racket,5,15,33.33%,4.53
elite 57 nyc,4,315,1.27%,4
padel orlando,4,225,1.78%,9.58
lobb's padel,4,85,4.71%,8.22
wilson bela v3 review,4,82,4.88%,8.1
padel in new york,4,77,5.19%,6.42
padel scottsdale,4,58,6.9%,9.64
padel finder,4,48,8.33%,7.92
best padel shoes 2026,4,48,8.33%,14.67
padel ranch,4,37,10.81%,3
padel north carolina,4,13,30.77%,6
padel chicago,3,360,0.83%,9.89
padel san francisco,3,242,1.24%,8.12
padel philadelphia,3,140,2.14%,9.86
padel tennis near me,3,124,2.42%,8.74
padel tampa,3,124,2.42%,9.75
nox at10 genius 18k 2026 review,3,120,2.5%,7.93
padel x boca,3,104,2.88%,5.7
padel phoenix,3,99,3.03%,6.15
padel club nyc,3,92,3.26%,5.99
padel n9ne,3,82,3.66%,6.78
padel clubs near me,3,72,4.17%,10.62
padel in chicago,3,62,4.84%,7.95
where can i play padel near me,3,51,5.88%,8.61
paddle court near me,3,49,6.12%,11.14
best control padel racket 2026,3,48,6.25%,8.81
best padel bag,3,47,6.38%,6.57
padel club chicago,3,43,6.98%,4.49
best padel bag 2026,3,35,8.57%,4.63
padel connecticut,3,35,8.57%,4.77
padel kirkland,3,26,11.54%,4.85
padel broward,3,25,12%,4.12
padel court new york,3,23,13.04%,4.61
best round padel racket 2026,3,17,17.65%,4
best padel shoes women 2026,3,10,30%,5.4
best control padel rackets 2026,3,9,33.33%,6.56
padel 956,2,537,0.37%,3.55
ultra padel miami,2,398,0.5%,7.46
lobbs padel,2,353,0.57%,7.96
padel houston,2,288,0.69%,9.34
best padel racket for beginners,2,146,1.37%,19.67
paddle near me,2,132,1.52%,9.67
padel sport near me,2,132,1.52%,10.14
where to play padel near me,2,132,1.52%,10.62
reserve padel upper east side,2,124,1.61%,5.83
best padel rackets for beginners,2,120,1.67%,27.18
sunset padel miami,2,119,1.68%,6.57
padel life and soccer,2,100,2%,5.34
padel los angeles,2,84,2.38%,11.07
padel charlotte,2,81,2.47%,8.22
new york padel,2,68,2.94%,6.57
paddle nyc,2,56,3.57%,5.96
los angeles padel,2,55,3.64%,9.04
padel nj,2,55,3.64%,11.62
padel court nyc,2,51,3.92%,4.98
padel virginia beach,2,48,4.17%,7.71
best padel balls 2026,2,46,4.35%,7.87
padel coral gables,2,44,4.55%,6.39
best teardrop padel rackets,2,44,4.55%,8.57
padel clubs nyc,2,41,4.88%,3.39
brooklyn padel,2,40,5%,4.45
padel courts new york,2,30,6.67%,4.87
best padel racket 2026,2,30,6.67%,17.83
new york padel club,2,29,6.9%,6.21
padel courts in new york,2,27,7.41%,3.78
padel.courts near me,2,26,7.69%,5.96
best padel bags 2026,2,23,8.7%,4.7
head extreme pro padel review,2,23,8.7%,6.48
paddle tennis courts near me,2,23,8.7%,31.83
nearest padel court,2,22,9.09%,3.18
columbia racquet club,2,22,9.09%,5.41
nox at10 18k review,2,21,9.52%,7.71
best padel backpack,2,20,10%,6.1
padel court miami,2,19,10.53%,23.42
tampa padel club,2,18,11.11%,8.33
padel omaha,2,17,11.76%,5.24
nox at10 genius 18k alum 2026 review,2,14,14.29%,6.79
padel santa monica,2,11,18.18%,10.64
golden point padel,2,10,20%,5.6
padel durham nc,2,10,20%,6.5
padel court finder,2,9,22.22%,3.33
padel in charlotte,2,8,25%,7
padel albuquerque,2,6,33.33%,1
where to play padel nyc,2,6,33.33%,5.5
best padel racket control,2,5,40%,18.4
pickleball padel courts near me,2,4,50%,6.5
foundry padel,2,3,66.67%,4.33
eko padel and pickle,1,786,0.13%,8.63
padel club,1,578,0.17%,9.22
padel up culver city,1,531,0.19%,7.54
padel,1,409,0.24%,7.41
real padel miami,1,326,0.31%,6.23
rgv padel club,1,215,0.47%,9.25
sunset padel,1,196,0.51%,9.35
field club of greenwich,1,167,0.6%,7.33
charlotte padel club,1,161,0.62%,6.96
paddle club,1,160,0.62%,10.74
wynwood padel,1,158,0.63%,6.22
the set padel,1,152,0.66%,6.53
padel bethesda,1,136,0.74%,6.73
oh padel,1,131,0.76%,7.85
padel sf,1,130,0.77%,6.56
ultra padel club,1,130,0.77%,7.74
paddle courts,1,126,0.79%,12.77
wynwood arena padel,1,125,0.8%,8.9
padel dallas,1,122,0.82%,10.33
best padel balls,1,120,0.83%,31.59
padel austin,1,116,0.86%,12.36
padel williamsburg,1,103,0.97%,6.74
regency padel,1,94,1.06%,8.19
orlando padel club,1,93,1.08%,8.49
padel life & soccer,1,91,1.1%,5.99
paddle 956,1,88,1.14%,2.55
ultra padel magic city,1,86,1.16%,7.3
los angeles padel club,1,82,1.22%,11.83
padel lessons near me,1,80,1.25%,10.22
best padel rackets 2026,1,78,1.28%,18.87
956 padel,1,77,1.3%,4.39
padel bay area,1,73,1.37%,6.55
padel new york city,1,67,1.49%,6.54
epic padel milwaukee,1,67,1.49%,9.22
bay area padel,1,64,1.56%,7.02
best control padel racket,1,63,1.59%,20.65
babolat contact padel racket,1,62,1.61%,10.77
padel places near me,1,57,1.75%,6.84
park padel,1,57,1.75%,13.25
platinum padel,1,56,1.79%,8.25
best shoes for padel,1,53,1.89%,15.32
best padel racket for intermediate,1,49,2.04%,30.67
padel in atlanta,1,47,2.13%,8.79
play padel near me,1,46,2.17%,13.76
ohpadel,1,42,2.38%,7.19
padel california,1,40,2.5%,10.25
sf padel,1,38,2.63%,7.26
padel house atlanta,1,36,2.78%,5.97
coral gables padel,1,36,2.78%,6.33
paddle courts near me,1,35,2.86%,7.2
padel courts in usa,1,35,2.86%,14.2
padel foundry,1,33,3.03%,5.36
canchas de padel cerca de mi,1,33,3.03%,7.12
padel cleveland,1,33,3.03%,15
nox ml10 pro cup,1,32,3.12%,10.44
where to play padel,1,31,3.23%,7.13
paddle ball court near me,1,31,3.23%,8.97
padel x summer club,1,31,3.23%,9.48
padel san diego,1,31,3.23%,13.32
eko dolphin mall,1,28,3.57%,9.64
best control padel rackets,1,28,3.57%,11.11
padel newr me,1,27,3.7%,6.15
new york padel courts,1,26,3.85%,4.46
lobbs padel woodlands,1,26,3.85%,7.65
dallas padel,1,26,3.85%,8.62
padel fort worth,1,25,4%,8.44
orlando padel,1,25,4%,10.48
padel jacksonville,1,25,4%,11.84
padel seattle,1,25,4%,17.8
padel tempe,1,21,4.76%,8.43
padel court usa,1,21,4.76%,10.57
padel court rental,1,21,4.76%,15.62
la padel club,1,20,5%,11.35
field club of greenwich membership cost,1,19,5.26%,6.68
padel madison wi,1,19,5.26%,7.68
padel maryland,1,18,5.56%,5.83
indoor padel near me,1,18,5.56%,6.61
nox ml10 pro cup review,1,18,5.56%,7.78
padel in california,1,18,5.56%,9.11
padel near me indoor,1,18,5.56%,11.22
padel nearby,1,17,5.88%,4.88
sunset padel membership,1,17,5.88%,8.47
best control racket padel,1,17,5.88%,8.88
padel nesr me,1,16,6.25%,6.44
padel near,1,16,6.25%,6.62
padel pittsburgh,1,16,6.25%,11.25
padel courts in california,1,15,6.67%,3.47
padelcourts,1,15,6.67%,6.27
padel in phoenix,1,15,6.67%,8.47
padel miami beach,1,15,6.67%,11.4
best padel racket for control,1,15,6.67%,16.93
golden point padel club,1,14,7.14%,4.29
padel in new york city,1,14,7.14%,4.86
padel courts new jersey,1,14,7.14%,7.14
padel league near me,1,14,7.14%,7.5
nox at10 genius 18k alum review,1,14,7.14%,8.14
padel gifts,1,14,7.14%,8.93
best padel shoes for beginners,1,13,7.69%,7.31
padel club houston,1,13,7.69%,7.77
padel in brooklyn,1,12,8.33%,3.67
best padel.shoes,1,12,8.33%,8.42
padel courts bay area,1,11,9.09%,5.64
padel life soccer,1,11,9.09%,7.91
reserve padel membership cost,1,11,9.09%,8.55
best padel shoe,1,11,9.09%,10.45
padel in nj,1,11,9.09%,11.36
los angeles padel courts,1,11,9.09%,11.73
best babolat padel racket for beginners,1,11,9.09%,14.55
wilson bela pro v3 review,1,10,10%,6.6
padel locations,1,10,10%,7.3
dolphin mall pickleball courts,1,10,10%,8.3
padel bear me,1,10,10%,8.4
best padel shoes 2026 reviews,1,10,10%,9
padel courts in miami,1,10,10%,19.5
best padel control rackets,1,9,11.11%,4.44
best teardrop padel racket 2026,1,9,11.11%,5
padel perto de mim,1,9,11.11%,5.67
centro de padel,1,8,12.5%,4.38
padel houston tx,1,8,12.5%,6.12
best padel racket for control 2026,1,8,12.5%,7
beginner padel lessons near me,1,8,12.5%,7.12
padel ping pong near me,1,8,12.5%,8.12
padel positioning,1,8,12.5%,10.12
paddle tennis nyc,1,8,12.5%,10.75
padel jersey city,1,8,12.5%,20.62
padrl near me,1,7,14.29%,5
padel directory,1,7,14.29%,6.14
padel facility near me,1,7,14.29%,7.29
head extreme team 2026 review,1,7,14.29%,8.71
padel courts in la,1,7,14.29%,9.43
padel ct,1,7,14.29%,9.43
padel rental near me,1,6,16.67%,3.67
babolat contact padel racket review,1,6,16.67%,4.67
padel chattanooga,1,6,16.67%,8.67
padel columbia sc,1,5,20%,3
padel and,1,5,20%,6.8
pádel near me,1,5,20%,6.8
luxury padel club,1,5,20%,7.6
tennis paddle near me,1,5,20%,8.6
where to stand in padel,1,5,20%,8.8
the drop club cupey,1,5,20%,9.2
paddle los angeles,1,5,20%,12.4
padel court rent,1,5,20%,19
padel courts fort lauderdale,1,4,25%,2
wilson blade elite v2 review,1,4,25%,2
padle court near me,1,4,25%,6
padel del mar,1,4,25%,6.25
padel club nj,1,4,25%,8.75
what are the best padel balls,1,4,25%,10.75
padel nyc manhattan,1,4,25%,11.5
find padel court,1,3,33.33%,1.67
padel greenwich ct,1,3,33.33%,3
new padel courts near me,1,3,33.33%,3.33
padel courts near me indoor,1,3,33.33%,5.67
padel lesson near me,1,3,33.33%,6.33
rent padel court near me,1,3,33.33%,6.33
nox at10 luxury genius 18k alum 2026 review,1,3,33.33%,6.67
local padel courts near me,1,3,33.33%,7
padel green point,1,3,33.33%,7.33
wilson bela pro v3 2026,1,3,33.33%,8.33
good padel shoes,1,3,33.33%,9
babolat contact easy-to-play padel racket,1,3,33.33%,11.67
how do i get started playing padel reddit,1,2,50%,1
padel court nearby,1,2,50%,1
what are the best padel rackets for intermediate players,1,2,50%,1
2 player padel court near me,1,2,50%,4
miramar padel,1,2,50%,6
padel court club,1,2,50%,6.5
padel courts utah,1,2,50%,7
top padel rackets 2026,1,2,50%,7
padel cpurts near me,1,2,50%,8
padel durham,1,2,50%,8
padel racquet for beginners,1,2,50%,9.5
montauk yacht club,1,2,50%,10
padel grand rapids,1,2,50%,10
padel in la,1,2,50%,11.5
si,1,1,100%,1
the lower price,1,1,100%,1
ya,1,1,100%,2
padel court bear me,1,1,100%,3
what is cost,1,1,100%,3
sunday 12,1,1,100%,5
outdoor padel tennis,1,1,100%,6
padel pa,1,1,100%,10
padel coming soon,1,1,100%,20
best padel rackets for intermediate,1,1,100%,43
mink padel,0,660,0%,8.49
padel haus,0,577,0%,7.82
padel haus atlanta,0,536,0%,6.79
itp training academy,0,485,0%,6.44
austin padel center,0,457,0%,7
padel 39,0,456,0%,9.5
paddle 39,0,357,0%,8.74
st pete athletic,0,274,0%,7.3
padel haus williamsburg,0,272,0%,10.07
ultra padel,0,265,0%,7.84
padel39,0,262,0%,9.34
sh19,0,246,0%,8.85
wynwood padel club,0,240,0%,5.43
dallas padel club,0,228,0%,8.31
imgn park,0,223,0%,3.16
padel club austin,0,207,0%,9.65
paddle court,0,207,0%,12.66
new canaan field club,0,196,0%,6.61
padel haus greenpoint,0,193,0%,10.25
where to find padel shoes with reinforced toes?,0,191,0%,5.81
padel haus nashville,0,176,0%,9.09
merion cricket club,0,174,0%,7.79
padel club near me,0,174,0%,11.06
ohpadel.se venue capacity for meetings,0,171,0%,9.68
point padel club,0,170,0%,8.75
urban padel,0,170,0%,9.92
padel up century city,0,161,0%,8.86
padel vs pickleball,0,161,0%,14.35
roslyn padel,0,155,0%,8.12
point padel,0,144,0%,8.06
cube padel houston,0,137,0%,7.06
the drop club,0,135,0%,9.02
i95 padel,0,130,0%,4.25
padel club lockers vs no storage,0,127,0%,45.33
cleveland premier pickleball,0,126,0%,7.69
reserve padel ues,0,125,0%,5.44
padle 39,0,125,0%,7.11
the gables padel,0,125,0%,11.17
indoor padel courts,0,125,0%,15.38
south end racquet & health club,0,124,0%,7.11
champions padel club,0,122,0%,6.09
padel ball near me,0,122,0%,11.34
st pete athletic club,0,120,0%,6.92
nox at10 genius 18k review,0,117,0%,8.45
mink padel nyc,0,117,0%,8.91
swim and racquet club,0,114,0%,6.08
itp tennis,0,112,0%,7.12
point padel club mission,0,112,0%,8.59
padel park,0,111,0%,6.55
paddle 39 austin,0,110,0%,9.12
paddle ball near me,0,108,0%,11.15
the set doral,0,107,0%,5.21
padel pals,0,106,0%,7.96
padel rules,0,106,0%,50.35
padel x miami reviews,0,102,0%,8.7
closest padel court to nags head,0,101,0%,5.06
padel greenpoint,0,101,0%,9.39
padel x,0,100,0%,7.29
padel life,0,100,0%,8.45
sh19 tampa,0,100,0%,9.05
rgv padel & pickleball club,0,99,0%,7.84
padel clubs,0,99,0%,14.91
ultra padel miami magic city,0,98,0%,7.38
reserve padel north miami,0,98,0%,8.28
pure pickleball scottsdale,0,97,0%,10.01
eko padel & pickle,0,96,0%,6.8
zmash padel,0,96,0%,10.85
eko pickleball,0,95,0%,10.21
the field club of greenwich,0,94,0%,6.77
ola padel doral,0,93,0%,9.51
padel 39 austin,0,91,0%,8.7
ultre paddle,0,91,0%,9.27
ultra padel club miami,0,89,0%,6.82
padelhaus,0,89,0%,7.22
padel den orem,0,88,0%,7.82
northpoint padel,0,87,0%,8.36
rgv padel and pickleball club,0,87,0%,9.05
pickleball vs padel,0,87,0%,31.82
park padel embarcadero,0,86,0%,7.35
rgv padel,0,86,0%,8.88
drop club,0,85,0%,7.36
eko padel,0,84,0%,6.81
who makes lightweight shoes for competitive padel?,0,83,0%,5.64
replay boynton beach reviews,0,83,0%,8.14
padel den,0,82,0%,8.35
wilson blade elite v2,0,81,0%,5.85
itp academy,0,81,0%,5.94
oh padel malvern,0,81,0%,6.86
racket social club,0,81,0%,9.21
roslyn padel club,0,80,0%,8.79
padel classes near me,0,80,0%,11.12
intermediate padel rackets,0,80,0%,43.15
padel park west jordan,0,79,0%,4.86
epic padel,0,79,0%,7.34
padel new jersey,0,79,0%,9.18
king of padel,0,79,0%,10.33
padel&,0,78,0%,8.1
padel cincinnati,0,78,0%,9.53
padel social,0,78,0%,10.67
padel club miami,0,78,0%,18.81
glassbox padel club reviews,0,77,0%,9.83
charlotte padel,0,76,0%,7.28
club 39 austin,0,76,0%,9.7
padel39 austin,0,76,0%,9.93
outdoor padel court,0,75,0%,15.59
padel court construction cost,0,74,0%,22.55
how to play padel,0,74,0%,35.96
padel embarcadero,0,73,0%,6.05
premier pickleball,0,73,0%,8.19
the padel courts,0,73,0%,8.21
urban padel doral,0,71,0%,8.92
padel court cost,0,71,0%,24.38
how do i get started playing padel,0,71,0%,47.28
racket social club denver,0,70,0%,7.07
padel el paso tx,0,70,0%,9.47
cube padel,0,69,0%,6.55
st. pete athletic reviews,0,69,0%,9.64
padel country club memorial,0,68,0%,8.66
padel west loop,0,68,0%,8.84
10by20 padel fort lauderdale,0,67,0%,8.19
reserve padel miami,0,67,0%,18.63
padel social bethesda,0,66,0%,7.23
west 43 padel,0,65,0%,6.54
xcel padel,0,65,0%,9.42
padel racket for beginners,0,65,0%,19.31
padel century city,0,64,0%,7.56
cube padel chicago,0,63,0%,5.84
padel alley,0,63,0%,9.6
padel society austin,0,63,0%,9.97
padel el paso,0,63,0%,10.1
how much does it cost to build a padel court,0,61,0%,19.39
how do i get started playing padel?,0,61,0%,20.08
padel& greenpoint,0,60,0%,8.38
chicago padel,0,60,0%,12.9
padel paddles nyc,0,60,0%,12.9
padel doral,0,59,0%,8.14
replay boynton beach membership,0,59,0%,8.95
north point padel,0,59,0%,9.22
padel culver city,0,58,0%,6.69
paddle ball court,0,58,0%,35.19
babolat contact,0,57,0%,8.42
outdoor padel courts,0,57,0%,19.68
reserve upper east side,0,56,0%,6.3
ultra padel club reviews,0,56,0%,6.88
sodo padel,0,56,0%,9.73
padel terms,0,56,0%,10.05
club de padel,0,56,0%,12.27
padel orem,0,55,0%,7.09
orlando padel club indoor,0,55,0%,9.45
padel courts chicago,0,55,0%,10.13
padel up,0,55,0%,14.96
conquer padel,0,54,0%,2.24
padel pals mesa,0,54,0%,6.41
real padel,0,53,0%,6.09
padel park utah,0,53,0%,6.15
premium padel courts,0,53,0%,12.55
swim and racquet club upper arlington,0,52,0%,7.77
gables padel,0,52,0%,10.13
padel terminology,0,52,0%,10.54
padel tennis court,0,52,0%,19.83
beste padelballen,0,52,0%,53.08
king of padel san antonio,0,51,0%,11.25
austin padel,0,51,0%,11.75
indoor padel,0,51,0%,15.45
nox at10 genius 18k,0,51,0%,17.98
paddle tennis court,0,51,0%,34.63
padel house greenpoint,0,50,0%,7
forked lightning,0,50,0%,9.26
epic athletic club,0,50,0%,10.66
cost to build a padel court,0,50,0%,30.32
itp padel,0,49,0%,5.08
padel san francisco california,0,49,0%,7.98
padel utah,0,49,0%,9
padel salt lake city,0,49,0%,10.63
padelhaus williamsburg,0,48,0%,9.48
padel court price,0,48,0%,34.94
what are the most comfortable padel shoes under $150?,0,47,0%,4.89
padel life miami,0,47,0%,6.21
the hive padel club,0,47,0%,6.38
greenwich field club,0,47,0%,7.85
pidel court near miami,0,47,0%,41.72
cleveland premier pickleball reviews,0,46,0%,5.76
padel colorado springs,0,46,0%,7.5
padel cerca de mi,0,46,0%,17.17
nox at10 genius 18k alum 2026 () reviews,0,45,0%,6.47
paddle haus,0,45,0%,7.91
padel society,0,45,0%,8.53
padel sacramento,0,45,0%,10.47
park padel west sacramento,0,45,0%,11.82
club padel,0,45,0%,18.58
padel malvern,0,44,0%,6.68
paddleball near me,0,44,0%,8.91
greenpoint padel,0,44,0%,9
padel house,0,44,0%,9.84
padel alley tucson,0,44,0%,11.14
epic padel charlotte,0,43,0%,4.88
padel haus atlanta reviews,0,43,0%,6.28
padel st pete,0,43,0%,7
xcel padel west palm,0,43,0%,7.51
atlanta padel,0,43,0%,10.23
austin padel club,0,43,0%,11.91
paddle new york,0,42,0%,8.45
what are the top padel shoe releases this year?,0,42,0%,9.86
padel classes,0,42,0%,10.48
padel detroit,0,42,0%,10.74
padel equipment nyc,0,42,0%,18.95
best padel racket for intermediate players,0,42,0%,37.55
ohpadel malvern,0,41,0%,6.61
paddle up,0,41,0%,8.56
replay pickleball,0,41,0%,9.17
merion cricket club membership,0,41,0%,9.66
padel gifts for her,0,41,0%,9.78
padel courts atlanta,0,41,0%,10.2
find a padel court,0,41,0%,17.93
geometric head shape padel rackets,0,41,0%,30.27
imgn park mission tx,0,40,0%,2.4
padel courts in nyc,0,40,0%,3.9
padel kansas city,0,40,0%,8.15
boca padel,0,40,0%,9.32
padel alpharetta,0,40,0%,9.35
urban padel miami,0,40,0%,11.65
paddle tennis near me,0,40,0%,20.18
paddleball court,0,40,0%,55.4
padel 956 photos,0,39,0%,3.18
oh padel malvern pa,0,39,0%,5.97
paddel court,0,39,0%,7.18
padel puerto rico,0,39,0%,9.54
padel bellevue,0,39,0%,10.08
conquer padel club,0,39,0%,11.13
itp tennis atlanta,0,38,0%,7.16
san francisco padel,0,38,0%,7.34
williamsburg padel,0,38,0%,8
padel boynton beach,0,38,0%,8.24
park padel sf,0,38,0%,9.76
indoor padel courts near me,0,38,0%,11.74
buy padel court,0,38,0%,35.24
padel balls,0,38,0%,37.13
padel country club,0,37,0%,9.05
padel in orlando,0,37,0%,10.19
how much does a padel court cost,0,37,0%,17.3
best padel rackets for intermediate players,0,37,0%,28.73
padel mcallen,0,36,0%,9.56
head extreme pro review,0,36,0%,9.72
pure pickleball & padel,0,36,0%,9.72
reserve padel sole mia,0,36,0%,10.61
padelcourt,0,36,0%,31.83
padel termen,0,36,0%,38.36
itp tennis academy,0,35,0%,6.17
padel ultra miami,0,35,0%,6.26
ultra miami padel,0,35,0%,7.77
padel arizona,0,35,0%,8.66
padel mission tx,0,35,0%,10.77
padel tennis rules,0,35,0%,55.71
newgen racquet club,0,34,0%,7.59
padel.court,0,34,0%,8.06
padel minneapolis,0,34,0%,8.32
rgv paddle,0,34,0%,9.38
padel westfield,0,34,0%,9.79
replay club boynton beach,0,34,0%,10.12
teardrop head shape padel rackets,0,34,0%,35.94
diamond head shape padel rackets,0,34,0%,42.03
esl padel,0,33,0%,5.79
padel rhode island,0,33,0%,9.03
padel courts houston,0,33,0%,10.27
replay club,0,33,0%,10.64
court padel tempe az,0,33,0%,11.12
reserve ues,0,32,0%,5.5
the set padel doral,0,32,0%,6.53
padel in san francisco,0,32,0%,7.06
padel up - culver city,0,32,0%,7.66
padel and wellness facility tempe az,0,32,0%,8
padel miami,0,32,0%,13.91
cost of building a padel court,0,32,0%,27.09
round head shape padel rackets,0,32,0%,32.84
is it where to find padel shoes with reinforced toes?,0,31,0%,4.29
west43 padel reviews,0,31,0%,7.77
best padel bags,0,31,0%,10.23
indoor padel court,0,31,0%,14.1
how much to build a padel court,0,31,0%,14.74
redsport padel courts,0,31,0%,22.26
padel court panoramic,0,31,0%,30.84
padel for beginners,0,31,0%,47.97
how to play padel tennis,0,31,0%,73.52
embarcadero padel,0,30,0%,6.17
padle near me,0,30,0%,7.03
what are the best court shoes for mixed padel use?,0,30,0%,7.3
st. pete athletic,0,30,0%,7.4
south end racquet club,0,30,0%,7.63
padel roslyn,0,30,0%,8.2
padel haus nashville reviews,0,30,0%,8.73
point paddle club,0,30,0%,8.73
padel haus brooklyn,0,30,0%,9.23
padel lessons,0,30,0%,10.13
padel courts usa,0,30,0%,10.5
sh 19 tampa,0,30,0%,10.53
pillar padel court,0,30,0%,26.1
indoor padel courts tempe az,0,29,0%,2.79
real padel miami reviews,0,29,0%,3.66
padel community tempe az,0,29,0%,5.07
dorado beach sports hub,0,29,0%,6.69
padel wynwood,0,29,0%,6.76
champions padel,0,29,0%,7.17
padel malvern pa,0,29,0%,7.62
padel 39 north austin,0,29,0%,9.41
austin paddle center,0,29,0%,9.79
head extreme pro 2026,0,29,0%,10.34
trosky sports club,0,29,0%,10.79
reservation padel,0,29,0%,31.69
pure pickleball,0,28,0%,9.32
the pad tucson reviews,0,28,0%,10.39
padel court tempe az,0,28,0%,11.32
canchas de padel,0,28,0%,17.54
beste padel ballen,0,28,0%,67.46
paddel near me,0,27,0%,6.44
best padel clubs in dallas,0,27,0%,6.85
padel mcallen tx,0,27,0%,8.37
padel colorado,0,27,0%,8.52
padel rgv,0,27,0%,8.59
padel39 north,0,27,0%,9.44
padel court cost to build,0,27,0%,10.3
padel racket near me,0,27,0%,12.67
covered padel courts,0,27,0%,17.63
padel syosset,0,27,0%,17.89
padel and pickleball,0,27,0%,30.22
indoor padel tempe az,0,26,0%,4.85
padel club with sauna and cold plunge tempe az,0,26,0%,5.19
babolat contact () reviews,0,26,0%,7.77
posted padel court,0,26,0%,18.42
padel tennis courts near me,0,26,0%,22.92
padel ball courts,0,26,0%,27.81
padel court for sale,0,26,0%,30.35
padel court to buy,0,26,0%,34.12
padel ancora,0,26,0%,60.65
padel indoors tempe az,0,25,0%,3.28
padelx boca raton,0,25,0%,3.64
ace padel denver,0,25,0%,5.08
padel upper east side,0,25,0%,6.4
where can i play padel,0,25,0%,6.48
best padel racket 2026 for control,0,25,0%,7.4
padle court,0,25,0%,7.44
padel harlem,0,25,0%,8.08
padel square cleveland,0,25,0%,9.88
south end racquet & health club membership,0,25,0%,10.04
club39 austin tx,0,25,0%,10.28
bandeja,0,25,0%,12.88
padel court atlanta,0,25,0%,12.88
padel courts miami,0,25,0%,14.28
beste padel racket beginner,0,25,0%,23.28
pickleball or padel,0,25,0%,28.64
padel club with café and social lounge tempe az,0,24,0%,6.04
field club new canaan,0,24,0%,7.12
champions pickleball,0,24,0%,7.46
padel membership tempe az,0,24,0%,7.83
join a padel community tempe az,0,24,0%,8.42
padel club memberships tempe az,0,24,0%,8.46
padel center,0,24,0%,8.5
the pad tucson,0,24,0%,11.46
atlanta padel club,0,24,0%,13.5
padel facility,0,24,0%,21.33
best intermediate padel racket,0,24,0%,26.96
i95 padel club miami,0,23,0%,3.87
list the top-rated padel rackets for intermediate players available in 2026.,0,23,0%,5.96
padel plano,0,23,0%,6.78
10by20,0,23,0%,6.91
padel-pals,0,23,0%,7.17
padel indoor club tempe az,0,23,0%,7.22
padel clube,0,23,0%,7.57
chicago padel club,0,23,0%,7.61
paddel 39,0,23,0%,8.61
padel courts dallas,0,23,0%,9.13
adidas metalbone hrd+ 2026 () reviews,0,23,0%,9.3
the king of padel,0,23,0%,10.35
padel new orleans,0,23,0%,10.83
padel up - century city,0,23,0%,11.91
padel tennis courts,0,23,0%,12.52
single padel court,0,23,0%,32.7
wat zijn de beste padelballen,0,23,0%,51.65
flamingo park paddle/racquetball courts,0,23,0%,78.48
padelx boca,0,22,0%,4.86
rad padel,0,22,0%,5.59
fort lauderdale padel,0,22,0%,5.91
كيف أبدأ بلعب البادل؟,0,22,0%,6.36
padel virginia,0,22,0%,6.77
padel courts tampa,0,22,0%,7
padel boca raton,0,22,0%,7.05
paddel club,0,22,0%,7.18
premier pickleball avon lake,0,22,0%,7.95
century city padel,0,22,0%,8.5
platinum padel miami,0,22,0%,8.73
padel tennis nyc,0,22,0%,8.82
padel and greenpoint,0,22,0%,9.82
miami padel club,0,22,0%,9.91
padel haus miami,0,22,0%,12.36
padel or pickleball,0,22,0%,29.86
district padel,0,22,0%,30.27
covered padel courts tempe az,0,21,0%,4.33
padel956,0,21,0%,4.52
cube chicago padel,0,21,0%,6.14
closest padel court to me,0,21,0%,6.29
nyc padel club,0,21,0%,6.43
10 by 20 padel,0,21,0%,6.52
the set pickleball,0,21,0%,6.52
mink padel club,0,21,0%,7.05
wilson blade elite v2 padel racket,0,21,0%,7.43
swim and racquet,0,21,0%,7.48
how do i get started playing padel in miami,0,21,0%,8.19
padel 39 membership,0,21,0%,8.76
padel up los angeles,0,21,0%,8.86
padel courts nj,0,21,0%,9.48
padel tennis court tempe az,0,21,0%,9.52
padel racket shapes explained,0,21,0%,9.67
play padel,0,21,0%,11.19
padel game near me,0,21,0%,11.62
padel rackets for beginners,0,21,0%,18.62
padel tennis court price,0,21,0%,21.9
nox at10 genius ultralight padel racket,0,21,0%,39.29
eko padel and pickle reviews,0,20,0%,4.9
paddle court tempe az,0,20,0%,5.3
phoenix padel,0,20,0%,5.85
sunset padel miami beach,0,20,0%,5.9
padel courts san francisco,0,20,0%,6.75
champions doral pickleball,0,20,0%,8.05
wilson bela v3 () reviews,0,20,0%,8.2
clases de padel cerca de mi,0,20,0%,8.5
ultra magic city,0,20,0%,8.5
padel tennis tempe az,0,20,0%,8.55
nox at10 18k 2026 review,0,20,0%,8.95
padel texas,0,20,0%,9.1
padel plus orlando,0,20,0%,9.25
padel in new jersey,0,20,0%,9.35
the padel club,0,20,0%,9.35
paddel courts,0,20,0%,9.7
padel michigan,0,20,0%,10.3
epic sawgrass mall,0,20,0%,10.45
padel social club,0,20,0%,11.3
open padel clinics tempe az,0,20,0%,11.5
king paddle san antonio,0,20,0%,11.6
ola club doral,0,20,0%,11.9
the king of padel san antonio,0,20,0%,11.95
padel bandeja,0,20,0%,12.05
racquet social club,0,20,0%,12.1
houston padel,0,20,0%,12.95
padel okc,0,20,0%,13.95
padel hause,0,20,0%,14.1
padel club tampa,0,20,0%,14.45
padel courts san diego,0,20,0%,14.85
padel court los angeles,0,20,0%,17.25
padel court installation cost,0,20,0%,19.85
clubs padel,0,20,0%,23.45
padel ball court,0,20,0%,26.1
padel georgia,0,19,0%,4.05
best round padel racket,0,19,0%,4.74
conquer padel phoenix,0,19,0%,7.21
hive padel club,0,19,0%,7.42
southend racquet club,0,19,0%,7.79
best padel shoes 2026 men,0,19,0%,7.95
punto azul padel club,0,19,0%,8.05
wilson blade elite,0,19,0%,8.16
padel maine,0,19,0%,8.32
padel x lincoln road,0,19,0%,8.68
epic padel sawgrass,0,19,0%,9.79
epic athletic club sawgrass,0,19,0%,11.26
round padel racket,0,19,0%,12.79
itp atlanta,0,19,0%,13.53
padel court equipment,0,19,0%,23.63
is padel the same as pickleball,0,19,0%,34.84
padel single court,0,19,0%,50.74
hotels in dallas with padel courts,0,18,0%,4.83
field club,0,18,0%,5.5
padel foundry virginia beach,0,18,0%,6.44
padel chula vista,0,18,0%,6.72
swim & racquet club,0,18,0%,7
padel plus indoor racquet club orlando,0,18,0%,7.5
field club greenwich,0,18,0%,8.44
padel massachusetts,0,18,0%,8.67
padel irvine,0,18,0%,8.78
montauk yacht club tennis,0,18,0%,8.94
padel sterling heights,0,18,0%,9.17
padel courts los angeles,0,18,0%,9.94
padel sunnyvale,0,18,0%,10.06
padel in utah,0,18,0%,10.39
greenpoint padel haus,0,18,0%,10.67
padel x miami,0,18,0%,15.83
ushuapadel doral,0,18,0%,17.78
padel ues,0,17,0%,5.35
i 95 padel,0,17,0%,5.76
padel n9ne san diego,0,17,0%,5.82
who makes the most durable padel shoes?,0,17,0%,6.12
padel courts sf,0,17,0%,6.35
regency padel miami,0,17,0%,6.65
eko paddle and pickle,0,17,0%,6.94
padel ny,0,17,0%,7
padel point club,0,17,0%,7.06
minkpadel,0,17,0%,7.18
cancha de padel cerca de mi,0,17,0%,7.35
padel tempe az,0,17,0%,8.29
court padel,0,17,0%,8.41
head extreme 2026 review,0,17,0%,8.53
reserve sole mia,0,17,0%,8.65
dolphin mall pickleball,0,17,0%,9.82
padel orlando florida,0,17,0%,9.94
new padel courts opening in dallas,0,17,0%,10.24
san diego padel,0,17,0%,10.59
best padel tennis bags,0,17,0%,11.24
padel club los angeles,0,17,0%,13.24
paddle ball courts,0,17,0%,13.47
padel district,0,17,0%,17.76
padel racket shapes,0,17,0%,21.88
padel racket intermediate,0,17,0%,27.12
best power padel racket,0,17,0%,37.24
playing padel near me,0,17,0%,37.71
panoramic padel courts,0,17,0%,49.35
best padel court,0,16,0%,1.81
paddle ball,0,16,0%,2.62
padel 956 mcallen,0,16,0%,3.12
padel 956 mcallen tx,0,16,0%,3.94
itp training academy reviews,0,16,0%,4.44
elite 57 manhattan,0,16,0%,4.56
padel 956 reviews,0,16,0%,5.94
itp training,0,16,0%,6.31
padel in arizona,0,16,0%,6.31
padel west jordan,0,16,0%,6.5
how many padel courts in us,0,16,0%,6.62
pedel court,0,16,0%,7.25
itp training academy atlanta,0,16,0%,7.31
padel williamsburg brooklyn,0,16,0%,7.31
padel courts florida,0,16,0%,7.5
nox at10 genius 18k weight,0,16,0%,7.56
babolat contact padel,0,16,0%,7.75
padel ball court near me,0,16,0%,7.81
lobbs padel the woodlands,0,16,0%,7.94
nearest padel court to me,0,16,0%,8
the padel courts los angeles,0,16,0%,8.38
play padel in nyc,0,16,0%,9
padelup,0,16,0%,9.12
padel paso el paso,0,16,0%,9.56
padel membership san diego,0,16,0%,9.88
padel haus atlanta membership,0,16,0%,10.06
pedal court,0,16,0%,10.19
padel in houston,0,16,0%,10.31
new gen racquet club,0,16,0%,10.5
padel highway,0,16,0%,10.81
boca paddle club membership cost,0,16,0%,11
king padel,0,16,0%,11.19
paddle tennis atlanta,0,16,0%,11.44
best padel tampa,0,16,0%,13.5
best padel fort lauderdale,0,16,0%,13.94
union padel club,0,16,0%,15.12
padel racket beginner,0,16,0%,15.31
redsport padel court,0,16,0%,22.25
padel court authorizations,0,16,0%,27.25
reserve padel,0,16,0%,29.94
paddleball courts near me,0,15,0%,6.2
padel court san francisco,0,15,0%,6.27
padel center austin,0,15,0%,6.33
padel club san francisco,0,15,0%,6.53
places to play padel near me,0,15,0%,6.6
padel in sf,0,15,0%,7.07
best padel shoes for women 2026,0,15,0%,7.27
best padel shoes for men 2026,0,15,0%,7.47
platinum padel club,0,15,0%,7.93
culver city padel,0,15,0%,8.4
pidel court,0,15,0%,8.67
epic padel inc,0,15,0%,8.93
best selling padel racket 2026,0,15,0%,9.07
best beginner padel racket 2026,0,15,0%,9.13
padel n9ne reviews,0,15,0%,9.13
olympus padel,0,15,0%,9.2
how much does a padel court cost to build,0,15,0%,9.33
padel square,0,15,0%,9.33
padel courts austin,0,15,0%,9.93
padel az,0,15,0%,10.2
replay boynton beach,0,15,0%,10.33
conquer padel jacksonville,0,15,0%,11.13
padel manhattan,0,15,0%,11.2
padel indoor,0,15,0%,13.73
epic pickleball & padel athletic club,0,15,0%,15.8
beginner padel racket,0,15,0%,18.93
babolat technical viper,0,15,0%,21.13
reserve padel club,0,15,0%,21.87
padel in usa,0,15,0%,34.27
how do you play padel,0,15,0%,39.47
padel campo,0,15,0%,55.8
campo paddle,0,15,0%,87.53
padel ranch el paso,0,14,0%,4.29
padel indoor courts,0,14,0%,5
padel.near me,0,14,0%,5.36
the padel foundry,0,14,0%,5.43
what are the best padel shoes for intermediate players?,0,14,0%,5.93
padel around me,0,14,0%,6.64
10by20 padel,0,14,0%,6.93
champion padel,0,14,0%,7.36
padel plus,0,14,0%,7.5
padel positions,0,14,0%,7.86
terminos de padel,0,14,0%,7.86
culver city padel up,0,14,0%,8.43
padel courts manhattan,0,14,0%,8.43
new canaan field club membership cost,0,14,0%,8.5
tampa padel,0,14,0%,8.57
reserve a padel court tempe az,0,14,0%,9.21
paddle atlanta,0,14,0%,9.93
padel club dallas,0,14,0%,9.93
padel39 (east austin) reviews,0,14,0%,10
is padel harder than pickleball,0,14,0%,10.21
padelhaus greenpoint,0,14,0%,10.36
padel club san diego,0,14,0%,10.57
sunnyvale padel,0,14,0%,10.71
padel sports club,0,14,0%,11.43
the replay club,0,14,0%,14.07
best padel racket for beginners 2026,0,14,0%,14.86
padel courts denver,0,14,0%,15.86
the paddle club,0,14,0%,18.86
sb padel houston,0,14,0%,20.14
bay padel dogpatch,0,14,0%,23.71
padel long island,0,14,0%,26.29
single court padel,0,14,0%,26.5
bästa padelväskan,0,14,0%,38.57
padel tennis court cost,0,14,0%,38.57
rules of padel,0,14,0%,52.64
padel 9 san diego,0,13,0%,5.31
i95 padel miami,0,13,0%,5.62
paddle x,0,13,0%,5.62
paddle century city,0,13,0%,6.31
padel ultra,0,13,0%,6.62
rgv padel and pickleball,0,13,0%,6.92
padel in tampa,0,13,0%,7.23
harlem padel club,0,13,0%,7.31
what are the best shoes for quick lateral movements in padel?,0,13,0%,7.46
paddle pals mesa,0,13,0%,7.54
tennis padel court tempe az,0,13,0%,7.62
wilson bela v3 padel racket review,0,13,0%,7.62
paddle sf,0,13,0%,7.77
padle club,0,13,0%,8
sodo padel orlando,0,13,0%,8.08
private padel clubs in dallas,0,13,0%,8.31
wilson blade v2,0,13,0%,8.31
padel san juan,0,13,0%,8.54
pickleball sawgrass mall,0,13,0%,8.69
padel gifts for women,0,13,0%,9.15
west43 padel,0,13,0%,9.15
padel boca,0,13,0%,9.23
padel in dallas,0,13,0%,9.31
pure pickleball and padel,0,13,0%,9.38
sawgrass padel,0,13,0%,9.38
syosset padel,0,13,0%,9.85
padel field,0,13,0%,9.92
ultra padel membership,0,13,0%,10
padel florida,0,13,0%,10.46
padel montauk,0,13,0%,10.92
padel tucson,0,13,0%,11.15
padel paso,0,13,0%,11.38
padel hudson yards,0,13,0%,12.31
paddle house,0,13,0%,12.62
padel washington dc,0,13,0%,13.31
padel rackets near me,0,13,0%,16.85
best padel racket beginner,0,13,0%,17.69
babolat padel racket review,0,13,0%,22.54
padel denver,0,13,0%,22.77
campos de padel,0,13,0%,26
cancha padel,0,13,0%,29.77
padel court vs pickleball court,0,13,0%,35.85
padel courts outdoor,0,13,0%,35.85
intermediate padel racket,0,13,0%,37.92
padel tennis single court,0,13,0%,60.31
conquer padel tempe,0,12,0%,1
best padel orlando,0,12,0%,3.5
pickleball dolphin mall,0,12,0%,4.5
malvern padel,0,12,0%,5.08
padel greenwich,0,12,0%,6.67
padelx,0,12,0%,6.67
mink padel harlem,0,12,0%,6.92
union padel club reviews,0,12,0%,6.92
reserve north miami,0,12,0%,7
forked lightning racquet club,0,12,0%,7.08
racket social club at windward lake,0,12,0%,7.08
st pete athletic paddle and social,0,12,0%,7.25
padel39 north austin,0,12,0%,7.5
park padel embarcadero plaza,0,12,0%,7.5
padel memorial,0,12,0%,8
wilson bela 2026,0,12,0%,8.08
the replay club boynton beach,0,12,0%,8.58
padel west sacramento,0,12,0%,8.92
padel south austin,0,12,0%,9.17
rgv pickle and padel,0,12,0%,9.17
padel minnesota,0,12,0%,9.5
40forty padel club,0,12,0%,9.75
padel rochester ny,0,12,0%,9.83
camelback padel club,0,12,0%,9.92
padel 39 east austin,0,12,0%,10.25
the replay club boynton,0,12,0%,10.5
replay club reviews,0,12,0%,10.58
montauk yacht club padel,0,12,0%,11.25
nox at10 genius review,0,12,0%,11.67
how much is a padel court to build,0,12,0%,11.83
itp pickleball,0,12,0%,12.5
padel indianapolis,0,12,0%,13.17
padel court indoor,0,12,0%,13.25
padel la,0,12,0%,17
round padel rackets,0,12,0%,17.75
best padel rackets beginner,0,12,0%,18.25
padel tennis fields,0,12,0%,18.33
best padel racket for beginner players,0,12,0%,19.58
padel near me miami,0,12,0%,19.58